[
  {
    "id": -5805715339984532649,
    "name": "Carlos",
    "address": "Cork",
    "postCode": "N/A",
    "justEatRating": 2.34,
    "items": "Nothing",
    "price": 10.23,
    "comments": "Very Good",
    "myRating": 1
  },
  {
    "id": -3586500837512311458,
    "name": "Supermacs",
    "address": "Wexford",
    "postCode": "X42823",
    "justEatRating": 7.86,
    "items": "Chicken Wings",
    "price": 11.65,
    "comments": "Great",
    "myRating": 8
  },
  {
    "id": 1333095227597070491,
    "name": "Geoffs",
    "address": "Wexford",
    "postCode": "X42y21",
    "justEatRating": 9.9,
    "items": "Wings",
    "price": 12.5,
    "comments": "Unreal",
    "myRating": 5
  }
]